<diagram program="umletino" version="14.2"><zoom_level>10</zoom_level><help_text>Space for diagram notes</help_text><element><id>UMLClass</id><coordinates><x>217</x><y>1070</y><w>270</w><h>160</h></coordinates><panel_attributes>/Human/
-
-id: int
-name: string
-
+getId(): int
+getName(): string

+setId(newId: int): void
+setName(newName: string): string</panel_attributes><additional_attributes></additional_attributes></element><element><id>UMLClass</id><coordinates><x>137</x><y>760</y><w>220</w><h>90</h></coordinates><panel_attributes>Actor
-
-actedMovies: ArrayList&lt;Movie&gt;
-
+Actor(line: String)
+addActedMovie(param: Movie): void
+playsInMovie(param: Movie): void</panel_attributes><additional_attributes></additional_attributes></element><element><id>UMLClass</id><coordinates><x>397</x><y>940</y><w>250</w><h>90</h></coordinates><panel_attributes>Director
-
-directedMovies: ArrayList&lt;Movie&gt;
-
+Director(line: String)
+directsInMovie(param: Movie): boolean
+addDirectedMovie(param: Movie): void</panel_attributes><additional_attributes></additional_attributes></element><element><id>UMLClass</id><coordinates><x>737</x><y>570</y><w>310</w><h>300</h></coordinates><panel_attributes>Movie
-
-id: int
-title: string
-plot: string
-genre: string
-actors: List&lt;Actor&gt;
-actorNames: List&lt;String&gt;
-directors: List&lt;Director&gt;
-release: Date
-reviews: List&lt;Review&gt;
-reviewAmount: int
-averageReviewScore: float
-
+Movie(line: String)
+getter

+addActor(a:Actor):void
+addActorName(s:String):void
+addReview(r:Review):void
+addDirector(d:Director):void


</panel_attributes><additional_attributes></additional_attributes></element><element><id>UMLClass</id><coordinates><x>897</x><y>340</y><w>250</w><h>140</h></coordinates><panel_attributes>Review
-
-reviewer: Reviewer
-score: float
-movie: Movie
-
+Review(score: Float,movie: Movie, reviewer: Reviewer)
+Review(score: Float,movie: Movie)
+getter + setter</panel_attributes><additional_attributes></additional_attributes></element><element><id>UMLClass</id><coordinates><x>977</x><y>70</y><w>250</w><h>110</h></coordinates><panel_attributes>Reviewer
-
-name: string
-reviews: ArrayList&lt;Review&gt;
-
+Reviewer(name: String)
+getter + setter
+addReview(param: Review): void
</panel_attributes><additional_attributes></additional_attributes></element><element><id>UMLClass</id><coordinates><x>87</x><y>0</y><w>430</w><h>420</h></coordinates><panel_attributes>MovieBase
-
-id: int
-movies: HashMap&lt;Integer,Movie&gt;
-actors: HashMap&lt;Integer,Actor&gt;
-directors: HashMap&lt;Integer,Director&gt;
-reviewers: HashMap&lt;StringReviewer&gt;
-reviews: LinkedList&lt;Review&gt;
-
+getter
+getActorById(param:int):Actor
+getMovieByName(s:String):Movie

+setId(param: int): void
+addMovie(param: Movie): void
+addActor(param: Actor): void
+addDirector(param Director): void
+addReview(param: Review): void
+addReviewer(param: Reviewer): void

+printMoviesList(m:List&lt;Movie&gt;): void

+getSuggestedMovies(sArr: String[][]): List&lt;Movie&gt;
+getSimilarMovies(h: HashMap&lt;Movie,Integer&gt;, sArr: String[]): void
+getMoviesWithSimilarTitle(s:String): List&lt;Movie&gt;
+selectMovieFromConsole(): void
-filterByListAttribute(h: HashMap&lt;Movie,Integer&gt;,s:String,sArr:String[]):: void
-movieMapToSortedList(h: HashMap&lt;Movie,Integer): List&lt;Movie&gt;

</panel_attributes><additional_attributes></additional_attributes></element><element><id>Relation</id><coordinates><x>277</x><y>840</y><w>30</w><h>250</h></coordinates><panel_attributes>lt=&lt;&lt;.</panel_attributes><additional_attributes>10;230;10;10</additional_attributes></element><element><id>Relation</id><coordinates><x>417</x><y>1020</y><w>30</w><h>70</h></coordinates><panel_attributes>lt=&lt;&lt;.</panel_attributes><additional_attributes>10;50;10;10</additional_attributes></element><element><id>UMLClass</id><coordinates><x>1247</x><y>350</y><w>300</w><h>140</h></coordinates><panel_attributes>UserRatings
-
-reviews: List&lt;Review&gt;
-filePath: String
-
+UserRatings(path: String, mb: MovieBase)
+addReview(r:Review): void
+newReviewInteractive(mb:MovieBase): void
+getter + setter</panel_attributes><additional_attributes></additional_attributes></element><element><id>Relation</id><coordinates><x>1137</x><y>440</y><w>130</w><h>40</h></coordinates><panel_attributes>lt=&lt;&lt;&lt;&lt;-
m1=1
m2=0..*</panel_attributes><additional_attributes>110;10;10;10</additional_attributes></element><element><id>Relation</id><coordinates><x>1087</x><y>170</y><w>50</w><h>190</h></coordinates><panel_attributes>lt=&lt;&lt;&lt;&lt;&lt;-
m1=1
m2=1..*</panel_attributes><additional_attributes>10;10;10;170</additional_attributes></element><element><id>Relation</id><coordinates><x>507</x><y>90</y><w>490</w><h>40</h></coordinates><panel_attributes>lt=&lt;&lt;&lt;&lt;-
m1=1
m2=0..*</panel_attributes><additional_attributes>10;10;470;10</additional_attributes></element><element><id>Relation</id><coordinates><x>507</x><y>190</y><w>460</w><h>170</h></coordinates><panel_attributes>lt=&lt;&lt;&lt;&lt;-
m1=1
m2=0..*</panel_attributes><additional_attributes>10;10;420;10;420;150</additional_attributes></element><element><id>Relation</id><coordinates><x>1027</x><y>170</y><w>40</w><h>190</h></coordinates><panel_attributes>lt=&lt;&lt;&lt;&lt;-
m1=1
m2=1</panel_attributes><additional_attributes>10;170;10;10</additional_attributes></element><element><id>Relation</id><coordinates><x>510</x><y>270</y><w>330</w><h>320</h></coordinates><panel_attributes>lt=&lt;&lt;&lt;&lt;-
m1=1
m2=0..*
</panel_attributes><additional_attributes>10;20;290;20;290;300</additional_attributes></element><element><id>Relation</id><coordinates><x>640</x><y>860</y><w>300</w><h>190</h></coordinates><panel_attributes>lt=&lt;&lt;&lt;&lt;-
m1=1
m2=1..*</panel_attributes><additional_attributes>270;10;270;160;10;160</additional_attributes></element><element><id>Relation</id><coordinates><x>640</x><y>860</y><w>210</w><h>140</h></coordinates><panel_attributes>lt=&lt;&lt;&lt;&lt;-
m1=1
m2=0..*</panel_attributes><additional_attributes>10;110;170;110;170;10</additional_attributes></element><element><id>Relation</id><coordinates><x>350</x><y>800</y><w>410</w><h>40</h></coordinates><panel_attributes>lt=&lt;&lt;&lt;&lt;-
m1=1
m2=1..*</panel_attributes><additional_attributes>390;10;10;10</additional_attributes></element><element><id>Relation</id><coordinates><x>160</x><y>410</y><w>50</w><h>370</h></coordinates><panel_attributes>lt=&lt;&lt;&lt;&lt;-
m1=0
m2=0..*</panel_attributes><additional_attributes>10;10;10;350</additional_attributes></element><element><id>Relation</id><coordinates><x>440</x><y>410</y><w>50</w><h>550</h></coordinates><panel_attributes>lt=&lt;&lt;&lt;&lt;-
m1=0
m2=0..*</panel_attributes><additional_attributes>10;10;10;530</additional_attributes></element></diagram>